{"Training Loss": 0.17422924910272872, "Testing Loss": 0.17369839326227637, "_timestamp": 1701810403.4085171, "_runtime": 195.9343662261963, "_step": 9, "_wandb": {"runtime": 195}}